[{
  "YEAR_MONTH": "2016-09",
  "AVERAGE_SALE_PRICE": "518032.64165588614"
}, {
  "YEAR_MONTH": "2016-10",
  "AVERAGE_SALE_PRICE": "529402.68846815836"
}, {
  "YEAR_MONTH": "2016-11",
  "AVERAGE_SALE_PRICE": "587743.85542168678"
}, {
  "YEAR_MONTH": "2016-12",
  "AVERAGE_SALE_PRICE": "539356.756718529"
}, {
  "YEAR_MONTH": "2017-01",
  "AVERAGE_SALE_PRICE": "596608.96769456682"
}, {
  "YEAR_MONTH": "2017-02",
  "AVERAGE_SALE_PRICE": "652861.27689243027"
}, {
  "YEAR_MONTH": "2017-03",
  "AVERAGE_SALE_PRICE": "560736.314935065"
}, {
  "YEAR_MONTH": "2017-04",
  "AVERAGE_SALE_PRICE": "621281.96007984027"
}, {
  "YEAR_MONTH": "2017-05",
  "AVERAGE_SALE_PRICE": "739119.75340136059"
}, {
  "YEAR_MONTH": "2017-06",
  "AVERAGE_SALE_PRICE": "762433.64212328766"
}, {
  "YEAR_MONTH": "2017-07",
  "AVERAGE_SALE_PRICE": "692532.08492569"
}, {
  "YEAR_MONTH": "2017-08",
  "AVERAGE_SALE_PRICE": "622579.38851351349"
}]