[{
  "EXTRACTED_YEAR": "2016",
  "EXTRACTED_QUARTER": "3",
  "TOTAL_REVENUE": "400439232",
  "TOTAL_TRANSACTIONS": "773"
}, {
  "EXTRACTED_YEAR": "2016",
  "EXTRACTED_QUARTER": "4",
  "TOTAL_REVENUE": "981604629",
  "TOTAL_TRANSACTIONS": "1786"
}, {
  "EXTRACTED_YEAR": "2017",
  "EXTRACTED_QUARTER": "1",
  "TOTAL_REVENUE": "1079440638",
  "TOTAL_TRANSACTIONS": "1799"
}, {
  "EXTRACTED_YEAR": "2017",
  "EXTRACTED_QUARTER": "2",
  "TOTAL_REVENUE": "1191125924",
  "TOTAL_TRANSACTIONS": "1673"
}, {
  "EXTRACTED_YEAR": "2017",
  "EXTRACTED_QUARTER": "3",
  "TOTAL_REVENUE": "694749610",
  "TOTAL_TRANSACTIONS": "1063"
}]