[{
  "BUILDING_CLASS": "R4",
  "TOTAL_REVENUE": "3916043073"
}, {
  "BUILDING_CLASS": "R1",
  "TOTAL_REVENUE": "70795548"
}, {
  "BUILDING_CLASS": "R2",
  "TOTAL_REVENUE": "59807865"
}, {
  "BUILDING_CLASS": "RB",
  "TOTAL_REVENUE": "55855020"
}, {
  "BUILDING_CLASS": "C5",
  "TOTAL_REVENUE": "28637586"
}, {
  "BUILDING_CLASS": "C3",
  "TOTAL_REVENUE": "23162389"
}, {
  "BUILDING_CLASS": "RH",
  "TOTAL_REVENUE": "21560848"
}, {
  "BUILDING_CLASS": "C0",
  "TOTAL_REVENUE": "17539435"
}, {
  "BUILDING_CLASS": "B1",
  "TOTAL_REVENUE": "14387797"
}, {
  "BUILDING_CLASS": "RK",
  "TOTAL_REVENUE": "13467127"
}, {
  "BUILDING_CLASS": "C4",
  "TOTAL_REVENUE": "11691153"
}, {
  "BUILDING_CLASS": "C2",
  "TOTAL_REVENUE": "11563000"
}, {
  "BUILDING_CLASS": "C1",
  "TOTAL_REVENUE": "9197886"
}, {
  "BUILDING_CLASS": "A9",
  "TOTAL_REVENUE": "8178300"
}, {
  "BUILDING_CLASS": "B9",
  "TOTAL_REVENUE": "7360160"
}, {
  "BUILDING_CLASS": "B3",
  "TOTAL_REVENUE": "5840010"
}, {
  "BUILDING_CLASS": "C7",
  "TOTAL_REVENUE": "5308277"
}, {
  "BUILDING_CLASS": "R6",
  "TOTAL_REVENUE": "5277500"
}, {
  "BUILDING_CLASS": "R5",
  "TOTAL_REVENUE": "5238821"
}, {
  "BUILDING_CLASS": "K2",
  "TOTAL_REVENUE": "4390101"
}, {
  "BUILDING_CLASS": "K4",
  "TOTAL_REVENUE": "3932500"
}, {
  "BUILDING_CLASS": "R8",
  "TOTAL_REVENUE": "3850000"
}, {
  "BUILDING_CLASS": "A5",
  "TOTAL_REVENUE": "3692242"
}, {
  "BUILDING_CLASS": "S5",
  "TOTAL_REVENUE": "3515010"
}, {
  "BUILDING_CLASS": "H3",
  "TOTAL_REVENUE": "3317624"
}, {
  "BUILDING_CLASS": "G2",
  "TOTAL_REVENUE": "3227000"
}, {
  "BUILDING_CLASS": "D4",
  "TOTAL_REVENUE": "3169968"
}, {
  "BUILDING_CLASS": "M1",
  "TOTAL_REVENUE": "2706800"
}, {
  "BUILDING_CLASS": "K9",
  "TOTAL_REVENUE": "2620020"
}, {
  "BUILDING_CLASS": "RS",
  "TOTAL_REVENUE": "2216068"
}, {
  "BUILDING_CLASS": "M4",
  "TOTAL_REVENUE": "1855000"
}, {
  "BUILDING_CLASS": "D1",
  "TOTAL_REVENUE": "1540011"
}, {
  "BUILDING_CLASS": "S9",
  "TOTAL_REVENUE": "1525000"
}, {
  "BUILDING_CLASS": "M9",
  "TOTAL_REVENUE": "1481666"
}, {
  "BUILDING_CLASS": "RG",
  "TOTAL_REVENUE": "1394260"
}, {
  "BUILDING_CLASS": "L1",
  "TOTAL_REVENUE": "1381500"
}, {
  "BUILDING_CLASS": "O8",
  "TOTAL_REVENUE": "1350000"
}, {
  "BUILDING_CLASS": "S2",
  "TOTAL_REVENUE": "1319700"
}, {
  "BUILDING_CLASS": "A4",
  "TOTAL_REVENUE": "1200030"
}, {
  "BUILDING_CLASS": "O4",
  "TOTAL_REVENUE": "1159531"
}, {
  "BUILDING_CLASS": "S3",
  "TOTAL_REVENUE": "1130010"
}, {
  "BUILDING_CLASS": "C9",
  "TOTAL_REVENUE": "1100000"
}, {
  "BUILDING_CLASS": "D6",
  "TOTAL_REVENUE": "1066153"
}, {
  "BUILDING_CLASS": "K1",
  "TOTAL_REVENUE": "1062000"
}, {
  "BUILDING_CLASS": "O7",
  "TOTAL_REVENUE": "730000"
}, {
  "BUILDING_CLASS": "C6",
  "TOTAL_REVENUE": "372000"
}, {
  "BUILDING_CLASS": "R3",
  "TOTAL_REVENUE": "119000"
}, {
  "BUILDING_CLASS": "RW",
  "TOTAL_REVENUE": "25000"
}, {
  "BUILDING_CLASS": "G1",
  "TOTAL_REVENUE": "10"
}, {
  "BUILDING_CLASS": "O5",
  "TOTAL_REVENUE": "10"
}, {
  "BUILDING_CLASS": "O6",
  "TOTAL_REVENUE": "10"
}, {
  "BUILDING_CLASS": "RA",
  "TOTAL_REVENUE": "10"
}, {
  "BUILDING_CLASS": "D9",
  "TOTAL_REVENUE": "1"
}, {
  "BUILDING_CLASS": "L8",
  "TOTAL_REVENUE": "1"
}, {
  "BUILDING_CLASS": "N9",
  "TOTAL_REVENUE": "1"
}, {
  "BUILDING_CLASS": "Y1",
  "TOTAL_REVENUE": "1"
}, {
  "BUILDING_CLASS": "A7",
  "TOTAL_REVENUE": "0"
}, {
  "BUILDING_CLASS": "D2",
  "TOTAL_REVENUE": "0"
}, {
  "BUILDING_CLASS": "D3",
  "TOTAL_REVENUE": "0"
}, {
  "BUILDING_CLASS": "D5",
  "TOTAL_REVENUE": "0"
}, {
  "BUILDING_CLASS": "D7",
  "TOTAL_REVENUE": "0"
}, {
  "BUILDING_CLASS": "D8",
  "TOTAL_REVENUE": "0"
}, {
  "BUILDING_CLASS": "E1",
  "TOTAL_REVENUE": "0"
}, {
  "BUILDING_CLASS": "G4",
  "TOTAL_REVENUE": "0"
}, {
  "BUILDING_CLASS": "G9",
  "TOTAL_REVENUE": "0"
}, {
  "BUILDING_CLASS": "H1",
  "TOTAL_REVENUE": "0"
}, {
  "BUILDING_CLASS": "H2",
  "TOTAL_REVENUE": "0"
}, {
  "BUILDING_CLASS": "H8",
  "TOTAL_REVENUE": "0"
}, {
  "BUILDING_CLASS": "H9",
  "TOTAL_REVENUE": "0"
}, {
  "BUILDING_CLASS": "HR",
  "TOTAL_REVENUE": "0"
}, {
  "BUILDING_CLASS": "I4",
  "TOTAL_REVENUE": "0"
}, {
  "BUILDING_CLASS": "I5",
  "TOTAL_REVENUE": "0"
}, {
  "BUILDING_CLASS": "I7",
  "TOTAL_REVENUE": "0"
}, {
  "BUILDING_CLASS": "I9",
  "TOTAL_REVENUE": "0"
}, {
  "BUILDING_CLASS": "J4",
  "TOTAL_REVENUE": "0"
}, {
  "BUILDING_CLASS": "J5",
  "TOTAL_REVENUE": "0"
}, {
  "BUILDING_CLASS": "J9",
  "TOTAL_REVENUE": "0"
}, {
  "BUILDING_CLASS": "L9",
  "TOTAL_REVENUE": "0"
}, {
  "BUILDING_CLASS": "M3",
  "TOTAL_REVENUE": "0"
}, {
  "BUILDING_CLASS": "N2",
  "TOTAL_REVENUE": "0"
}, {
  "BUILDING_CLASS": "O2",
  "TOTAL_REVENUE": "0"
}, {
  "BUILDING_CLASS": "O3",
  "TOTAL_REVENUE": "0"
}, {
  "BUILDING_CLASS": "O9",
  "TOTAL_REVENUE": "0"
}, {
  "BUILDING_CLASS": "P2",
  "TOTAL_REVENUE": "0"
}, {
  "BUILDING_CLASS": "P7",
  "TOTAL_REVENUE": "0"
}, {
  "BUILDING_CLASS": "P9",
  "TOTAL_REVENUE": "0"
}, {
  "BUILDING_CLASS": "R9",
  "TOTAL_REVENUE": "0"
}, {
  "BUILDING_CLASS": "RP",
  "TOTAL_REVENUE": "0"
}, {
  "BUILDING_CLASS": "RR",
  "TOTAL_REVENUE": "0"
}, {
  "BUILDING_CLASS": "RT",
  "TOTAL_REVENUE": "0"
}, {
  "BUILDING_CLASS": "S0",
  "TOTAL_REVENUE": "0"
}, {
  "BUILDING_CLASS": "S1",
  "TOTAL_REVENUE": "0"
}, {
  "BUILDING_CLASS": "S4",
  "TOTAL_REVENUE": "0"
}, {
  "BUILDING_CLASS": "V1",
  "TOTAL_REVENUE": "0"
}, {
  "BUILDING_CLASS": "W2",
  "TOTAL_REVENUE": "0"
}, {
  "BUILDING_CLASS": "W6",
  "TOTAL_REVENUE": "0"
}, {
  "BUILDING_CLASS": "Z3",
  "TOTAL_REVENUE": "0"
}]