[{
  "NEIGHBORHOOD": "HARLEM CENTRAL",
  "TOTAL_SALES": "365675152",
  "TOTAL_TRANSACTIONS": "553"
}, {
  "NEIGHBORHOOD": "MIDTOWN WEST",
  "TOTAL_SALES": "363043761",
  "TOTAL_TRANSACTIONS": "612"
}, {
  "NEIGHBORHOOD": "FINANCIAL",
  "TOTAL_SALES": "325679115",
  "TOTAL_TRANSACTIONS": "335"
}, {
  "NEIGHBORHOOD": "UPPER EAST SIDE (79 96)",
  "TOTAL_SALES": "321635186",
  "TOTAL_TRANSACTIONS": "475"
}, {
  "NEIGHBORHOOD": "UPPER WEST SIDE (59 79)",
  "TOTAL_SALES": "286941194",
  "TOTAL_TRANSACTIONS": "548"
}, {
  "NEIGHBORHOOD": "UPPER EAST SIDE (59 79)",
  "TOTAL_SALES": "255024310",
  "TOTAL_TRANSACTIONS": "414"
}, {
  "NEIGHBORHOOD": "MIDTOWN EAST",
  "TOTAL_SALES": "225549820",
  "TOTAL_TRANSACTIONS": "474"
}, {
  "NEIGHBORHOOD": "CLINTON",
  "TOTAL_SALES": "224802678",
  "TOTAL_TRANSACTIONS": "234"
}, {
  "NEIGHBORHOOD": "KIPS BAY",
  "TOTAL_SALES": "219600680",
  "TOTAL_TRANSACTIONS": "271"
}, {
  "NEIGHBORHOOD": "TRIBECA",
  "TOTAL_SALES": "213670049",
  "TOTAL_TRANSACTIONS": "307"
}]